{
  "users": [
    {
      "credentials": {
        "name": "Eduard",
        "password": "secret",
        "accountType": "standard",
        "country": "Romania",
        "balance": "50"
      }
    },
    {
      "credentials": {
        "name": "Mihail",
        "password": "discret",
        "accountType": "premium",
        "country": "Russia",
        "balance": "1337"
      }
    }
  ],
  "movies": [
    {
      "name": "John Wick: Chapter 3 - Parabellum",
      "year": "2019",
      "duration": 131,
      "genres": [
        "Action",
        "Thriller",
        "Crime"
      ],
      "actors": [
        "Laurence Fishburne",
        "Halle Berry",
        "Keanu Reeves"
      ],
      "countriesBanned": [
        "Russia"
      ]
    },
    {
      "name": "Titanic",
      "year": "2019",
      "duration": 131,
      "genres": [
        "Action",
        "Thriller",
        "Crime"
      ],
      "actors": [
        "Laurence Fishburne",
        "Halle Berry",
        "Keanu Reeves"
      ],
      "countriesBanned": [
        "Russia"
      ]
    }
  ],
  "actions": [
    {
      "type": "change page",
      "page": "login"
    },
    {
      "type": "on page",
      "feature": "login",
      "credentials": {
        "name": "Eduard",
        "password": "parolamea"
      }
    },
    {
      "type": "change page",
      "page": "register"
    },
    {
      "type": "on page",
      "feature": "register",
      "credentials": {
        "name": "Ramsi",
        "password": "numiplacevelea",
        "accountType": "standard",
        "country": "Ireland",
        "balance": "300"
      }
    },
    {
      "type": "change page",
      "page": "login"
    },
    {
      "type": "on page",
      "feature": "login",
      "credentials": {
        "name": "Ramsi",
        "password": "numiplacevelea"
      }
    },
    {
      "type": "change page",
      "page": "logout"
    },
    {
      "type": "change page",
      "page": "login"
    },
    {
      "type": "on page",
      "feature": "login",
      "credentials": {
        "name": "Eduard",
        "password": "nicigand"
      }
    },
    {
      "type": "change page",
      "page": "login"
    },
    {
      "type": "on page",
      "feature": "login",
      "credentials": {
        "name": "Eduard",
        "password": "secret"
      }
    },
    {
      "type": "back"
    }
  ]
}
