{
  "users": [
    {
      "credentials": {
        "name": "Eduard",
        "password": "secret",
        "accountType": "premium",
        "country": "Romania",
        "balance": "50"
      }
    },
    {
      "credentials": {
        "name": "Mihail",
        "password": "discret",
        "accountType": "premium",
        "country": "Romania",
        "balance": "1337"
      }
    },
    {
      "credentials": {
        "name": "Florin",
        "password": "TheWalkingDead",
        "accountType": "premium",
        "country": "Romania",
        "balance": "1337"
      }
    }
  ],
  "movies": [
    {
      "name": "John Wick: Chapter 3 - Parabellum",
      "year": "2019",
      "duration": 131,
      "genres": [
        "Action",
        "Thriller",
        "Crime"
      ],
      "actors": [
        "Laurence Fishburne",
        "Halle Berry",
        "Keanu Reeves"
      ],
      "countriesBanned": [
        "Russia"
      ]
    },
    {
      "name": "Titanic",
      "year": "2019",
      "duration": 131,
      "genres": [
        "Action",
        "Thriller",
        "Crime"
      ],
      "actors": [
        "Laurence Fishburne",
        "Halle Berry",
        "Keanu Reeves"
      ],
      "countriesBanned": [
        "Russia"
      ]
    }
  ],
  "actions": [
    {
      "type": "change page",
      "page": "register"
    },
    {
      "type": "on page",
      "feature": "register",
      "credentials": {
        "name": "Ramsi",
        "password": "numiplacevelea",
        "accountType": "standard",
        "country": "Romania",
        "balance": "300"
      }
    },
    {
      "type": "on page",
      "feature": "filter",
      "filters": {
        "sort": {
          "rating": "decreasing",
          "duration": "decreasing"
        }
      }
    },
    {
      "type": "change page",
      "page": "logout"
    },
    {
      "type": "change page",
      "page": "login"
    },
    {
      "type": "on page",
      "feature": "login",
      "credentials": {
        "name": "Mihail",
        "password": "discret"
      }
    },
    {
      "type": "change page",
      "page": "movies"
    },
    {
      "type": "change page",
      "page": "see details",
      "movie": "Titanic"
    },
    {
      "type": "on page",
      "feature": "purchase"
    },
    {
      "type": "on page",
      "feature": "watch"
    },
    {
      "type": "on page",
      "feature": "rate",
      "rate": "3"
    },
    {
      "type": "back"
    },
    {
      "type": "change page",
      "page": "see details",
      "movie": "John Wick: Chapter 3 - Parabellum"
    },
    {
      "type": "on page",
      "feature": "purchase"
    },
    {
      "type": "on page",
      "feature": "watch"
    },
    {
      "type": "on page",
      "feature": "rate",
      "rate": "2"
    },
    {
      "type": "change page",
      "page": "logout"
    },
    {
      "type": "change page",
      "page": "login"
    },
    {
      "type": "on page",
      "feature": "login",
      "credentials": {
        "name": "Eduard",
        "password": "secret"
      }
    },
    {
      "type": "change page",
      "page": "movies"
    },
    {
      "type": "change page",
      "page": "see details",
      "movie": "Titanic"
    },
    {
      "type": "on page",
      "feature": "purchase"
    },
    {
      "type": "on page",
      "feature": "watch"
    },
    {
      "type": "on page",
      "feature": "rate",
      "rate": "1"
    },
    {
      "type": "back"
    },
    {
      "type": "change page",
      "page": "see details",
      "movie": "John Wick: Chapter 3 - Parabellum"
    },
    {
      "type": "on page",
      "feature": "purchase"
    },
    {
      "type": "on page",
      "feature": "watch"
    },
    {
      "type": "on page",
      "feature": "rate",
      "rate": "3"
    },
    {
      "type": "change page",
      "page": "logout"
    },
    {
      "type": "change page",
      "page": "login"
    },
    {
      "type": "on page",
      "feature": "login",
      "credentials": {
        "name": "Mihail",
        "password": "discret"
      }
    },
    {
      "type": "change page",
      "page": "movies"
    },
    {
      "type": "change page",
      "page": "see details",
      "movie": "Titanic"
    },
    {
      "type": "on page",
      "feature": "purchase"
    },
    {
      "type": "on page",
      "feature": "watch"
    },
    {
      "type": "on page",
      "feature": "rate",
      "rate": "5"
    },
    {
      "type":"back"
    },
    {
      "type": "on page",
      "feature": "filter",
      "filters": {
        "sort": {
          "rating": "decreasing"
        }
      }
    },
    {
      "type": "database",
      "feature": "delete",
      "deletedMovie": "Titanic"
    },
    {
      "type": "change page",
      "page": "logout"
    },
    {
      "type": "change page",
      "page": "login"
    },
    {
      "type": "on page",
      "feature": "login",
      "credentials": {
        "name": "Florin",
        "password": "TheWalkingDead"
      }
    }
  ]
}