[ {
  "error" : null,
  "currentMoviesList" : [ ],
  "currentUser" : {
    "credentials" : {
      "name" : "Ramsi",
      "password" : "numiplacevelea",
      "accountType" : "standard",
      "country" : "Ireland",
      "balance" : "300"
    },
    "tokensCount" : 0,
    "numFreePremiumMovies" : 15,
    "purchasedMovies" : [ ],
    "watchedMovies" : [ ],
    "likedMovies" : [ ],
    "ratedMovies" : [ ],
    "notifications" : [ ]
  }
}, {
  "error" : null,
  "currentMoviesList" : [ {
    "name" : "John Wick: Chapter 3 - Parabellum",
    "year" : "2019",
    "duration" : 131,
    "genres" : [ "Action", "Thriller", "Crime" ],
    "actors" : [ "Laurence Fishburne", "Halle Berry", "Keanu Reeves" ],
    "countriesBanned" : [ "Russia" ],
    "numLikes" : 0,
    "rating" : 0.00,
    "numRatings" : 0
  }, {
    "name" : "Titanic",
    "year" : "2019",
    "duration" : 131,
    "genres" : [ "Action", "Thriller", "Crime" ],
    "actors" : [ "Laurence Fishburne", "Halle Berry", "Keanu Reeves" ],
    "countriesBanned" : [ "Russia" ],
    "numLikes" : 0,
    "rating" : 0.00,
    "numRatings" : 0
  } ],
  "currentUser" : {
    "credentials" : {
      "name" : "Ramsi",
      "password" : "numiplacevelea",
      "accountType" : "standard",
      "country" : "Ireland",
      "balance" : "300"
    },
    "tokensCount" : 0,
    "numFreePremiumMovies" : 15,
    "purchasedMovies" : [ ],
    "watchedMovies" : [ ],
    "likedMovies" : [ ],
    "ratedMovies" : [ ],
    "notifications" : [ ]
  }
}, {
  "error" : null,
  "currentMoviesList" : [ ],
  "currentUser" : {
    "credentials" : {
      "name" : "Ramsi",
      "password" : "numiplacevelea",
      "accountType" : "standard",
      "country" : "Ireland",
      "balance" : "300"
    },
    "tokensCount" : 0,
    "numFreePremiumMovies" : 15,
    "purchasedMovies" : [ ],
    "watchedMovies" : [ ],
    "likedMovies" : [ ],
    "ratedMovies" : [ ],
    "notifications" : [ ]
  }
}, {
  "error" : "Error",
  "currentMoviesList" : [ ],
  "currentUser" : null
}, {
  "error" : null,
  "currentMoviesList" : [ ],
  "currentUser" : {
    "credentials" : {
      "name" : "Eduard",
      "password" : "secret",
      "accountType" : "standard",
      "country" : "Romania",
      "balance" : "50"
    },
    "tokensCount" : 0,
    "numFreePremiumMovies" : 15,
    "purchasedMovies" : [ ],
    "watchedMovies" : [ ],
    "likedMovies" : [ ],
    "ratedMovies" : [ ],
    "notifications" : [ ]
  }
} ]